source_file,period,rows,COP_mean,COP_median,EER_mean,EER_median,kW per Ton_mean,kW per Ton_median,kw_mean,kw_median,Capacity (Tons)_mean,Capacity (Tons)_median,Outdoor Air Temperature Entering Condenser (F)_mean,Outdoor Air Temperature Entering Condenser (F)_median,Chilled Water Delta Temperature (F)_mean,Chilled Water Delta Temperature (F)_median,Chilled Water Flow Rate (GPM)_mean,Chilled Water Flow Rate (GPM)_median,percentLoad_mean,percentLoad_median,Baseline kW/Ton_mean,Baseline kW/Ton_median,Post kW/Ton_mean,Post kW/Ton_median,kW/Ton Improvement %_mean,kW/Ton Improvement %_median
baseline_597_cleaned.csv,baseline,99364,3.2044768280379206,3.2658244635,10.933674937256692,11.14299307,1.13745593301258,1.0769099409999998,52.667974615918595,50.72467093,46.29381987846242,46.53580498,81.27017722894841,80.6,4.056727151957974,4.14,273.70334190325775,277.1517815,24.242921228124167,23.38509317,,,,,,
gpm_bin_comparison_597.csv,unknown,2,,,,,,,,,,,,,,,,,,,1.2145000000000001,1.2145000000000001,1.0105,1.0105,16.755275841855017,16.755275841855017
post_597_cleaned.csv,post,15228,3.540230455158721,3.4840302139999997,12.079266312957447,11.88751109,1.0195156042083005,1.009492781,57.3510294346516,55.93679911,55.72443942153467,56.19623949,83.27726801077029,82.94,5.495680042030601,5.58,243.061750305109,245.366807,26.569146407001575,25.932712215,,,,,,
